{
	"song": {
		"player1": "bf",
		"gfVersion": "gf",
		"notes": [
			{
				"sectionBeats": 4,
				"sectionNotes": [
					[
						862.83185840708,
						0,
						0
					],
					[
						995.575221238938,
						2,
						0
					],
					[
						1128.3185840708,
						3,
						0
					],
					[
						1261.06194690265,
						1,
						0
					],
					[
						1792.03539823009,
						0,
						132.743362831858
					],
					[
						1406.25,
						3,
						132.743362831858
					],
					[
						862.83185840708,
						4,
						0
					],
					[
						995.575221238938,
						6,
						0
					],
					[
						1128.3185840708,
						7,
						0
					],
					[
						1261.06194690265,
						5,
						0
					],
					[
						1792.03539823009,
						4,
						132.743362831858
					],
					[
						1406.25,
						7,
						132.743362831858
					]
				],
				"typeOfSection": 0,
				"gfSection": false,
				"altAnim": false,
				"mustHitSection": true,
				"changeBPM": false,
				"bpm": 150
			},
			{
				"sectionBeats": 4,
				"sectionNotes": [
					[
						2157.0796460177,
						2,
						132.743362831858
					],
					[
						2953.53982300885,
						1,
						0
					],
					[
						3086.28318584071,
						0,
						0
					],
					[
						3219.02654867257,
						1,
						0
					],
					[
						3351.76991150442,
						3,
						0
					],
					[
						3484.51327433628,
						2,
						132.743362831858
					],
					[
						3915.92920353982,
						1,
						132.743362831858
					],
					[
						3484.51327433628,
						0,
						132.743362831858
					],
					[
						3915.92920353982,
						3,
						132.743362831858
					],
					[
						2157.0796460177,
						6,
						132.743362831858
					],
					[
						2953.53982300885,
						5,
						0
					],
					[
						3086.28318584071,
						4,
						0
					],
					[
						3219.02654867257,
						5,
						0
					],
					[
						3351.76991150442,
						7,
						0
					],
					[
						3484.51327433628,
						6,
						132.743362831858
					],
					[
						3915.92920353982,
						5,
						132.743362831858
					],
					[
						3484.51327433628,
						4,
						132.743362831858
					],
					[
						3915.92920353982,
						7,
						132.743362831858
					],
					[
						2157.0796460177,
						6,
						132.743362831858
					],
					[
						2953.53982300885,
						5,
						0
					],
					[
						3086.28318584071,
						4,
						0
					],
					[
						3219.02654867257,
						5,
						0
					],
					[
						3351.76991150442,
						7,
						0
					],
					[
						3484.51327433628,
						6,
						132.743362831858
					],
					[
						3915.92920353982,
						5,
						132.743362831858
					],
					[
						3484.51327433628,
						4,
						132.743362831858
					],
					[
						3915.92920353982,
						7,
						132.743362831858
					],
					[
						2157.0796460177,
						2,
						132.743362831858
					],
					[
						2953.53982300885,
						1,
						0
					],
					[
						3086.28318584071,
						0,
						0
					],
					[
						3219.02654867257,
						1,
						0
					],
					[
						3351.76991150442,
						3,
						0
					],
					[
						3484.51327433628,
						2,
						132.743362831858
					],
					[
						3915.92920353982,
						1,
						132.743362831858
					],
					[
						3484.51327433628,
						0,
						132.743362831858
					],
					[
						3915.92920353982,
						3,
						132.743362831858
					]
				],
				"typeOfSection": 0,
				"gfSection": false,
				"altAnim": false,
				"mustHitSection": true,
				"changeBPM": false,
				"bpm": 150
			},
			{
				"sectionBeats": 4,
				"sectionNotes": [
					[
						4314.1592920354,
						1,
						530.973451327434
					],
					[
						4314.1592920354,
						2,
						530.973451327434
					],
					[
						5077.43362831858,
						0,
						0
					],
					[
						5210.17699115044,
						3,
						0
					],
					[
						5328.81637168142,
						0,
						0
					],
					[
						5475.66371681416,
						1,
						0
					],
					[
						5902.1017699115,
						2,
						132.743362831858
					],
					[
						6172.56637168142,
						1,
						132.743362831858
					],
					[
						4314.1592920354,
						5,
						530.973451327434
					],
					[
						4314.1592920354,
						6,
						530.973451327434
					],
					[
						5077.43362831858,
						4,
						0
					],
					[
						5210.17699115044,
						7,
						0
					],
					[
						5328.81637168142,
						4,
						0
					],
					[
						5475.66371681416,
						5,
						0
					],
					[
						5902.1017699115,
						6,
						132.743362831858
					],
					[
						6172.56637168142,
						5,
						132.743362831858
					]
				],
				"typeOfSection": 0,
				"gfSection": false,
				"altAnim": false,
				"mustHitSection": true,
				"changeBPM": false,
				"bpm": 113
			},
			{
				"sectionBeats": 4,
				"sectionNotes": [
					[
						6404.86725663717,
						3,
						265.486725663717
					],
					[
						6969.02654867257,
						2,
						132.743362831858
					],
					[
						7466.81415929204,
						1,
						0
					],
					[
						7732.30088495575,
						0,
						132.743362831858
					],
					[
						8263.27433628319,
						1,
						796.46017699115
					],
					[
						8263.27433628319,
						2,
						796.46017699115
					],
					[
						6404.86725663717,
						7,
						265.486725663717
					],
					[
						6969.02654867257,
						6,
						132.743362831858
					],
					[
						7466.81415929204,
						5,
						0
					],
					[
						7732.30088495575,
						4,
						132.743362831858
					],
					[
						8263.27433628319,
						5,
						796.46017699115
					],
					[
						8263.27433628319,
						6,
						796.46017699115
					]
				],
				"typeOfSection": 0,
				"gfSection": false,
				"altAnim": false,
				"mustHitSection": true,
				"changeBPM": false,
				"bpm": 113
			},
			{
				"sectionBeats": 4,
				"sectionNotes": [
					[
						9457.96460176991,
						2,
						0
					],
					[
						9325.22123893805,
						0,
						0
					],
					[
						9590.70796460177,
						3,
						0
					],
					[
						9723.45132743363,
						1,
						0
					],
					[
						9856.19469026549,
						3,
						265.486725663717
					],
					[
						10254.4247787611,
						0,
						265.486725663717
					],
					[
						9457.96460176991,
						6,
						0
					],
					[
						9325.22123893805,
						4,
						0
					],
					[
						9590.70796460177,
						7,
						0
					],
					[
						9723.45132743363,
						5,
						0
					],
					[
						9856.19469026549,
						7,
						265.486725663717
					],
					[
						10254.4247787611,
						4,
						265.486725663717
					]
				],
				"typeOfSection": 0,
				"gfSection": false,
				"altAnim": false,
				"mustHitSection": true,
				"changeBPM": false,
				"bpm": 113
			},
			{
				"sectionBeats": 4,
				"sectionNotes": [
					[
						10619.4690265487,
						2,
						398.230088495575
					],
					[
						11482.3008849558,
						1,
						0
					],
					[
						11615.0442477876,
						0,
						0
					],
					[
						11747.7876106195,
						1,
						0
					],
					[
						12013.2743362832,
						0,
						265.486725663717
					],
					[
						12013.2743362832,
						1,
						265.486725663717
					],
					[
						12013.2743362832,
						3,
						265.486725663717
					],
					[
						12544.2477876106,
						1,
						132.743362831858
					],
					[
						10619.4690265487,
						3,
						398.230088495575
					],
					[
						11880.5309734513,
						2,
						0
					],
					[
						10619.4690265487,
						6,
						398.230088495575
					],
					[
						11482.3008849558,
						5,
						0
					],
					[
						11615.0442477876,
						4,
						0
					],
					[
						11747.7876106195,
						5,
						0
					],
					[
						12013.2743362832,
						4,
						265.486725663717
					],
					[
						12013.2743362832,
						5,
						265.486725663717
					],
					[
						12013.2743362832,
						7,
						265.486725663717
					],
					[
						12544.2477876106,
						5,
						132.743362831858
					],
					[
						10619.4690265487,
						7,
						398.230088495575
					],
					[
						11880.5309734513,
						6,
						0
					]
				],